444444,Liam,McQuate,2018,Male
555555,Noah,Whitacre,2018,Female
666666,William,Knight,2018,Male
777777,James,McQuate,2018,Female
888888,Logan,Whitacre,2018,Male
999999,Benjamin,Knight,2018,Female
100000,Mason,McQuate,2018,Male
100001,Elijah,Whitacre,2018,Female
100002,Oliver,Knight,2018,Male
100003,Jacob,McQuate,2018,Female
100004,Lucas,Whitacre,2018,Male
100005,Michael,Knight,2018,Female
100006,Alexander,McQuate,2018,Male
100007,Ethan,Whitacre,2018,Female
100008,Daniel,Knight,2018,Male
100009,Matthew,McQuate,2018,Female
100010,Aiden,Whitacre,2018,Male
100011,Henry,Knight,2018,Female
100012,Joseph,McQuate,2018,Male
100013,Jackson,Whitacre,2018,Female
100014,Samuel,Knight,2018,Male
100015,Sebastian,McQuate,2018,Female
100016,David,Whitacre,2018,Male
100017,Carter,Knight,2018,Female
100018,Wyatt,McQuate,2018,Male
100019,Jayden,Whitacre,2018,Female
100020,John,Knight,2018,Male
100021,Owen,McQuate,2018,Female
100022,Dylan,Whitacre,2018,Male
100023,Luke,Knight,2018,Female
